{"max_long_token_id": 50264, "max_bio_token_id": 28995, "age_max": 89.08857461314054, "age_min": 18.034033517250126, "age_mean": 62.1167631871646, "age_std": 16.977735430296907, "1": {"featrue": "Diastolic blood pressure", "mean": -0.002386711900651711, "std": 0.7842627510072265}, "2": {"featrue": "Fraction inspired oxygen", "mean": 0.20467305496774946, "std": 1.1313622711414149}, "7": {"featrue": "Glucose", "mean": 0.000178901888600087, "std": 1.0492707797787018}, "8": {"featrue": "Heart Rate", "mean": -0.017264258961276664, "std": 0.3664887911799042}, "9": {"featrue": "Height", "mean": 0.03648081100510462, "std": 0.970332133058245}, "10": {"featrue": "Mean blood pressure", "mean": -0.008612357682478984, "std": 0.647542456382846}, "11": {"featrue": "Oxygen saturation", "mean": -0.0002979517273505271, "std": 0.43757063797812273}, "12": {"featrue": "Respiratory rate", "mean": -0.00018060544431936602, "std": 1.5549007003060022}, "13": {"featrue": "Systolic blood pressure", "mean": -0.01414194386132615, "std": 0.915385232285043}, "14": {"featrue": "Temperature", "mean": -0.005862684600342771, "std": 1.390039026057756}, "15": {"featrue": "Weight", "mean": 0.0027315793873516217, "std": 1.3532956621769217}, "16": {"featrue": "pH", "mean": -0.003850414281894143, "std": 1.3672653437664122}}